acc,precision,recall,f1_score
0.863349131121643,0.8651,0.861,0.863
0.8703557312252964,0.8693,0.872,0.8707
0.8798418972332016,0.8799,0.8799,0.8799
0.8901185770750988,0.8931,0.8861,0.8896
0.8521739130434782,0.8493,0.856,0.8526
0.8712±0.0131,0.8713±0.0147,0.871±0.0113,0.8712±0.0129
